gate	condition	topology	beta_pair	mu_pair	seed	cycle_level	stage3_score	turn_strength	env_gamma	env_gamma_r2	env_gamma_n_peaks	mean_player_weight_entropy	weight_heterogeneity_std	spatial_strategy_clustering	mean_edge_strategy_distance	graph_clustering_coeff	has_level3_seed	out_csv	provenance_json
g2_c1_pairwise	g2_c1_control	none	5.000000	0.500000	45	2	0.511604	0.001041	0.000006	0.000294	1013	1.093775	0.000000	0.000000	0.000000	0.000000	no	reports/experiments/l3_bottleneck/phase2/c1_scout/g2_c1_control/seed45.csv	reports/experiments/l3_bottleneck/phase2/c1_scout/g2_c1_control/seed45_provenance.json
g2_c1_pairwise	g2_c1_control	none	5.000000	0.500000	47	2	0.482794	0.000949	-0.000006	0.000314	1002	1.093946	0.000000	0.000000	0.000000	0.000000	no	reports/experiments/l3_bottleneck/phase2/c1_scout/g2_c1_control/seed47.csv	reports/experiments/l3_bottleneck/phase2/c1_scout/g2_c1_control/seed47_provenance.json
g2_c1_pairwise	g2_c1_control	none	5.000000	0.500000	49	2	0.501008	0.001042	-0.000015	0.001975	1011	1.093828	0.000000	0.000000	0.000000	0.000000	no	reports/experiments/l3_bottleneck/phase2/c1_scout/g2_c1_control/seed49.csv	reports/experiments/l3_bottleneck/phase2/c1_scout/g2_c1_control/seed49_provenance.json
g2_c1_pairwise	g2_c1_control	none	5.000000	0.500000	50	2	0.527068	0.000961	-0.000024	0.006175	1021	1.093547	0.000000	0.000000	0.000000	0.000000	no	reports/experiments/l3_bottleneck/phase2/c1_scout/g2_c1_control/seed50.csv	reports/experiments/l3_bottleneck/phase2/c1_scout/g2_c1_control/seed50_provenance.json
g2_c1_pairwise	g2_c1_control	none	5.000000	0.500000	51	2	0.507583	0.000971	0.000010	0.001059	1007	1.093788	0.000000	0.000000	0.000000	0.000000	no	reports/experiments/l3_bottleneck/phase2/c1_scout/g2_c1_control/seed51.csv	reports/experiments/l3_bottleneck/phase2/c1_scout/g2_c1_control/seed51_provenance.json
g2_c1_pairwise	g2_c1_control	none	5.000000	0.500000	52	2	0.508629	0.000952	-0.000014	0.001977	1002	1.093617	0.000000	0.000000	0.000000	0.000000	no	reports/experiments/l3_bottleneck/phase2/c1_scout/g2_c1_control/seed52.csv	reports/experiments/l3_bottleneck/phase2/c1_scout/g2_c1_control/seed52_provenance.json
g2_c1_pairwise	g2_c1_control	none	5.000000	0.500000	53	2	0.500000	0.000963	-0.000013	0.001775	1004	1.093695	0.000000	0.000000	0.000000	0.000000	no	reports/experiments/l3_bottleneck/phase2/c1_scout/g2_c1_control/seed53.csv	reports/experiments/l3_bottleneck/phase2/c1_scout/g2_c1_control/seed53_provenance.json
g2_c1_pairwise	g2_c1_control	none	5.000000	0.500000	54	2	0.515182	0.000988	-0.000009	0.000758	991	1.093861	0.000000	0.000000	0.000000	0.000000	no	reports/experiments/l3_bottleneck/phase2/c1_scout/g2_c1_control/seed54.csv	reports/experiments/l3_bottleneck/phase2/c1_scout/g2_c1_control/seed54_provenance.json
g2_c1_pairwise	g2_c1_control	none	5.000000	0.500000	55	2	0.541331	0.000955	0.000024	0.005694	995	1.093980	0.000000	0.000000	0.000000	0.000000	no	reports/experiments/l3_bottleneck/phase2/c1_scout/g2_c1_control/seed55.csv	reports/experiments/l3_bottleneck/phase2/c1_scout/g2_c1_control/seed55_provenance.json
g2_c1_pairwise	g2_c1_control	none	5.000000	0.500000	56	2	0.535569	0.000941	0.000025	0.006184	1005	1.093710	0.000000	0.000000	0.000000	0.000000	no	reports/experiments/l3_bottleneck/phase2/c1_scout/g2_c1_control/seed56.csv	reports/experiments/l3_bottleneck/phase2/c1_scout/g2_c1_control/seed56_provenance.json
g2_c1_pairwise	g2_c1_small_world_b10p0_m0p5	small_world	10.000000	0.500000	45	2	0.502543	0.001018	-0.000001	0.000012	978	1.093817	0.000000	1.000000	0.000000	0.367333	no	reports/experiments/l3_bottleneck/phase2/c1_scout/g2_c1_small_world_b10p0_m0p5/seed45.csv	reports/experiments/l3_bottleneck/phase2/c1_scout/g2_c1_small_world_b10p0_m0p5/seed45_provenance.json
g2_c1_pairwise	g2_c1_small_world_b10p0_m0p5	small_world	10.000000	0.500000	47	2	0.532928	0.001036	0.000013	0.001376	1012	1.093961	0.000000	1.000000	0.000000	0.372444	no	reports/experiments/l3_bottleneck/phase2/c1_scout/g2_c1_small_world_b10p0_m0p5/seed47.csv	reports/experiments/l3_bottleneck/phase2/c1_scout/g2_c1_small_world_b10p0_m0p5/seed47_provenance.json
g2_c1_pairwise	g2_c1_small_world_b10p0_m0p5	small_world	10.000000	0.500000	49	3	0.550959	0.001027	0.000006	0.000353	988	1.093857	0.000000	1.000000	0.000000	0.352254	yes	reports/experiments/l3_bottleneck/phase2/c1_scout/g2_c1_small_world_b10p0_m0p5/seed49.csv	reports/experiments/l3_bottleneck/phase2/c1_scout/g2_c1_small_world_b10p0_m0p5/seed49_provenance.json
g2_c1_pairwise	g2_c1_small_world_b10p0_m0p5	small_world	10.000000	0.500000	50	2	0.521255	0.000927	0.000005	0.000277	1023	1.093643	0.000000	1.000000	0.000000	0.375111	no	reports/experiments/l3_bottleneck/phase2/c1_scout/g2_c1_small_world_b10p0_m0p5/seed50.csv	reports/experiments/l3_bottleneck/phase2/c1_scout/g2_c1_small_world_b10p0_m0p5/seed50_provenance.json
g2_c1_pairwise	g2_c1_small_world_b10p0_m0p5	small_world	10.000000	0.500000	51	1	0.000000	0.000000	-0.000009	0.000889	1001	1.093875	0.000000	1.000000	0.000000	0.363333	no	reports/experiments/l3_bottleneck/phase2/c1_scout/g2_c1_small_world_b10p0_m0p5/seed51.csv	reports/experiments/l3_bottleneck/phase2/c1_scout/g2_c1_small_world_b10p0_m0p5/seed51_provenance.json
g2_c1_pairwise	g2_c1_small_world_b10p0_m0p5	small_world	10.000000	0.500000	52	2	0.512639	0.000940	-0.000013	0.001647	997	1.093436	0.000000	1.000000	0.000000	0.352587	no	reports/experiments/l3_bottleneck/phase2/c1_scout/g2_c1_small_world_b10p0_m0p5/seed52.csv	reports/experiments/l3_bottleneck/phase2/c1_scout/g2_c1_small_world_b10p0_m0p5/seed52_provenance.json
g2_c1_pairwise	g2_c1_small_world_b10p0_m0p5	small_world	10.000000	0.500000	53	2	0.536981	0.000998	-0.000003	0.000079	991	1.093763	0.000000	1.000000	0.000000	0.362444	no	reports/experiments/l3_bottleneck/phase2/c1_scout/g2_c1_small_world_b10p0_m0p5/seed53.csv	reports/experiments/l3_bottleneck/phase2/c1_scout/g2_c1_small_world_b10p0_m0p5/seed53_provenance.json
g2_c1_pairwise	g2_c1_small_world_b10p0_m0p5	small_world	10.000000	0.500000	54	2	0.540868	0.000932	-0.000018	0.003160	982	1.093793	0.000000	1.000000	0.000000	0.382413	no	reports/experiments/l3_bottleneck/phase2/c1_scout/g2_c1_small_world_b10p0_m0p5/seed54.csv	reports/experiments/l3_bottleneck/phase2/c1_scout/g2_c1_small_world_b10p0_m0p5/seed54_provenance.json
g2_c1_pairwise	g2_c1_small_world_b10p0_m0p5	small_world	10.000000	0.500000	55	2	0.524242	0.001032	0.000001	0.000022	991	1.093976	0.000000	1.000000	0.000000	0.374556	no	reports/experiments/l3_bottleneck/phase2/c1_scout/g2_c1_small_world_b10p0_m0p5/seed55.csv	reports/experiments/l3_bottleneck/phase2/c1_scout/g2_c1_small_world_b10p0_m0p5/seed55_provenance.json
g2_c1_pairwise	g2_c1_small_world_b10p0_m0p5	small_world	10.000000	0.500000	56	2	0.500000	0.000907	-0.000005	0.000257	1005	1.093662	0.000000	1.000000	0.000000	0.385556	no	reports/experiments/l3_bottleneck/phase2/c1_scout/g2_c1_small_world_b10p0_m0p5/seed56.csv	reports/experiments/l3_bottleneck/phase2/c1_scout/g2_c1_small_world_b10p0_m0p5/seed56_provenance.json
