gate	family	condition	graph_topology	graph_degree	p_rewire	update_mode	pairwise_imitation_strength	pairwise_beta	local_selection_strength	init_mode	seed	cycle_level	stage3_score	turn_strength	env_gamma	env_gamma_r2	env_gamma_n_peaks	control_env_gamma	control_stage3_score	stage3_uplift_vs_control_seed	has_level3_seed	init_weight_dispersion	graph_clustering_coefficient	graph_mean_path_length	spatial_autocorrelation_d1	spatial_autocorrelation_d2	mean_batch_phase_spread	mean_edge_strategy_distance	edge_disagreement_rate	mean_local_growth_cosine_vs_global	mean_player_growth_dispersion	phase_amplitude_stability	out_csv	provenance_json
g2_sampled	t_series	control_random_init	well_mixed	0		well_mixed_sampled				random_init	45	2	0.501520	0.000698	-0.000027	0.003306	1009				no	0.363792										0.649671	reports/experiments/l3_bottleneck/phase2/t_scout/control_random_init/seed45.csv	
g2_sampled	t_series	control_random_init	well_mixed	0		well_mixed_sampled				random_init	47	2	0.529052	0.000712	-0.000003	0.000040	1000				no	0.396087										0.682955	reports/experiments/l3_bottleneck/phase2/t_scout/control_random_init/seed47.csv	
g2_sampled	t_series	control_random_init	well_mixed	0		well_mixed_sampled				random_init	49	2	0.523327	0.000792	0.000001	0.000011	1000				no	0.386166										0.703997	reports/experiments/l3_bottleneck/phase2/t_scout/control_random_init/seed49.csv	
g2_sampled	t_series	control_random_init	well_mixed	0		well_mixed_sampled				random_init	50	2	0.514170	0.000737	-0.000021	0.001850	991				no	0.367286										0.632674	reports/experiments/l3_bottleneck/phase2/t_scout/control_random_init/seed50.csv	
g2_sampled	t_series	control_random_init	well_mixed	0		well_mixed_sampled				random_init	51	2	0.506559	0.000698	-0.000027	0.002948	1009				no	0.358009										0.646256	reports/experiments/l3_bottleneck/phase2/t_scout/control_random_init/seed51.csv	
g2_sampled	t_series	control_random_init	well_mixed	0		well_mixed_sampled				random_init	52	2	0.505071	0.000728	-0.000003	0.000063	984				no	0.367604										0.673360	reports/experiments/l3_bottleneck/phase2/t_scout/control_random_init/seed52.csv	
g2_sampled	t_series	control_random_init	well_mixed	0		well_mixed_sampled				random_init	53	2	0.501018	0.000671	-0.000001	0.000003	1000				no	0.381159										0.674717	reports/experiments/l3_bottleneck/phase2/t_scout/control_random_init/seed53.csv	
g2_sampled	t_series	control_random_init	well_mixed	0		well_mixed_sampled				random_init	54	2	0.500506	0.000689	-0.000006	0.000159	1001				no	0.365115										0.661044	reports/experiments/l3_bottleneck/phase2/t_scout/control_random_init/seed54.csv	
g2_sampled	t_series	control_random_init	well_mixed	0		well_mixed_sampled				random_init	55	2	0.511134	0.000734	-0.000015	0.001055	995				no	0.382012										0.644130	reports/experiments/l3_bottleneck/phase2/t_scout/control_random_init/seed55.csv	
g2_sampled	t_series	control_random_init	well_mixed	0		well_mixed_sampled				random_init	56	2	0.524641	0.000749	-0.000025	0.004361	989				no	0.380942										0.686484	reports/experiments/l3_bottleneck/phase2/t_scout/control_random_init/seed56.csv	
g2_sampled	t_series	control_uniform_init	well_mixed	0		well_mixed_sampled				uniform_init	45	2	0.501517	0.001024	0.000009	0.000435	1004				no	0.000000										0.470232	reports/experiments/l3_bottleneck/phase2/t_scout/control_uniform_init/seed45.csv	
g2_sampled	t_series	control_uniform_init	well_mixed	0		well_mixed_sampled				uniform_init	47	2	0.492401	0.001035	0.000004	0.000073	1008				no	0.000000										0.466848	reports/experiments/l3_bottleneck/phase2/t_scout/control_uniform_init/seed47.csv	
g2_sampled	t_series	control_uniform_init	well_mixed	0		well_mixed_sampled				uniform_init	49	2	0.493927	0.001037	0.000011	0.000692	1001				no	0.000000										0.462307	reports/experiments/l3_bottleneck/phase2/t_scout/control_uniform_init/seed49.csv	
g2_sampled	t_series	control_uniform_init	well_mixed	0		well_mixed_sampled				uniform_init	50	2	0.496461	0.001032	0.000007	0.000256	1008				no	0.000000										0.462173	reports/experiments/l3_bottleneck/phase2/t_scout/control_uniform_init/seed50.csv	
g2_sampled	t_series	control_uniform_init	well_mixed	0		well_mixed_sampled				uniform_init	51	2	0.493401	0.001028	0.000006	0.000168	1006				no	0.000000										0.458749	reports/experiments/l3_bottleneck/phase2/t_scout/control_uniform_init/seed51.csv	
g2_sampled	t_series	control_uniform_init	well_mixed	0		well_mixed_sampled				uniform_init	52	2	0.488325	0.001036	0.000001	0.000004	1005				no	0.000000										0.459804	reports/experiments/l3_bottleneck/phase2/t_scout/control_uniform_init/seed52.csv	
g2_sampled	t_series	control_uniform_init	well_mixed	0		well_mixed_sampled				uniform_init	53	2	0.491440	0.001025	0.000002	0.000032	996				no	0.000000										0.459186	reports/experiments/l3_bottleneck/phase2/t_scout/control_uniform_init/seed53.csv	
g2_sampled	t_series	control_uniform_init	well_mixed	0		well_mixed_sampled				uniform_init	54	2	0.491388	0.001022	0.000009	0.000427	991				no	0.000000										0.460424	reports/experiments/l3_bottleneck/phase2/t_scout/control_uniform_init/seed54.csv	
g2_sampled	t_series	control_uniform_init	well_mixed	0		well_mixed_sampled				uniform_init	55	2	0.492929	0.001017	0.000011	0.000698	980				no	0.000000										0.459538	reports/experiments/l3_bottleneck/phase2/t_scout/control_uniform_init/seed55.csv	
g2_sampled	t_series	control_uniform_init	well_mixed	0		well_mixed_sampled				uniform_init	56	2	0.496454	0.001030	0.000010	0.000554	976				no	0.000000										0.460865	reports/experiments/l3_bottleneck/phase2/t_scout/control_uniform_init/seed56.csv	
g2_sampled	t_series	t_lattice4_minibatch	lattice4	4	0.000000	minibatch			0.080000	random_init	45	2	0.525458	0.000793	-0.000009	0.001088	1000	-0.000027	0.501520	0.023938	no	0.363792	0.000000	8.762542	-0.014787	0.004478	1.554143	0.779510	0.667138	0.117500	0.280127	0.679918	reports/experiments/l3_bottleneck/phase2/t_scout/t_lattice4_minibatch/seed45.csv	reports/experiments/l3_bottleneck/phase2/t_scout/t_lattice4_minibatch/seed45_provenance.json
g2_sampled	t_series	t_lattice4_minibatch	lattice4	4	0.000000	minibatch			0.080000	random_init	47	2	0.497967	0.000712	-0.000013	0.002531	1004	-0.000003	0.529052	-0.031085	no	0.396087	0.000000	8.762542	-0.012155	-0.003608	1.573053	0.803277	0.669525	0.066457	0.269321	0.716935	reports/experiments/l3_bottleneck/phase2/t_scout/t_lattice4_minibatch/seed47.csv	reports/experiments/l3_bottleneck/phase2/t_scout/t_lattice4_minibatch/seed47_provenance.json
g2_sampled	t_series	t_lattice4_minibatch	lattice4	4	0.000000	minibatch			0.080000	random_init	49	2	0.494929	0.000750	-0.000004	0.000269	1013	0.000001	0.523327	-0.028398	no	0.386166	0.000000	8.762542	-0.016255	0.002493	1.537095	0.755904	0.663143	0.069899	0.263604	0.715780	reports/experiments/l3_bottleneck/phase2/t_scout/t_lattice4_minibatch/seed49.csv	reports/experiments/l3_bottleneck/phase2/t_scout/t_lattice4_minibatch/seed49_provenance.json
g2_sampled	t_series	t_lattice4_minibatch	lattice4	4	0.000000	minibatch			0.080000	random_init	50	2	0.516751	0.000736	-0.000006	0.000401	1002	-0.000021	0.514170	0.002581	no	0.367286	0.000000	8.762542	-0.009861	-0.001009	1.534284	0.753975	0.664567	0.119264	0.260011	0.705156	reports/experiments/l3_bottleneck/phase2/t_scout/t_lattice4_minibatch/seed50.csv	reports/experiments/l3_bottleneck/phase2/t_scout/t_lattice4_minibatch/seed50_provenance.json
g2_sampled	t_series	t_lattice4_minibatch	lattice4	4	0.000000	minibatch			0.080000	random_init	51	2	0.513185	0.000805	-0.000021	0.004375	1005	-0.000027	0.506559	0.006626	no	0.358009	0.000000	8.762542	-0.011355	0.004459	1.531236	0.745606	0.663603	0.079245	0.262723	0.710539	reports/experiments/l3_bottleneck/phase2/t_scout/t_lattice4_minibatch/seed51.csv	reports/experiments/l3_bottleneck/phase2/t_scout/t_lattice4_minibatch/seed51_provenance.json
g2_sampled	t_series	t_lattice4_minibatch	lattice4	4	0.000000	minibatch			0.080000	random_init	52	2	0.510638	0.000740	-0.000011	0.001451	1014	-0.000003	0.505071	0.005567	no	0.367604	0.000000	8.762542	-0.012125	0.001008	1.578261	0.797694	0.670855	0.065601	0.265277	0.713270	reports/experiments/l3_bottleneck/phase2/t_scout/t_lattice4_minibatch/seed52.csv	reports/experiments/l3_bottleneck/phase2/t_scout/t_lattice4_minibatch/seed52_provenance.json
g2_sampled	t_series	t_lattice4_minibatch	lattice4	4	0.000000	minibatch			0.080000	random_init	53	2	0.517347	0.000741	0.000001	0.000009	991	-0.000001	0.501018	0.016329	no	0.381159	0.000000	8.762542	-0.018339	0.007846	1.582262	0.799372	0.669343	0.097145	0.271994	0.701223	reports/experiments/l3_bottleneck/phase2/t_scout/t_lattice4_minibatch/seed53.csv	reports/experiments/l3_bottleneck/phase2/t_scout/t_lattice4_minibatch/seed53_provenance.json
g2_sampled	t_series	t_lattice4_minibatch	lattice4	4	0.000000	minibatch			0.080000	random_init	54	2	0.518145	0.000735	-0.000015	0.002222	991	-0.000006	0.500506	0.017640	no	0.365115	0.000000	8.762542	-0.006425	-0.000346	1.556879	0.758615	0.667182	0.043721	0.260496	0.726836	reports/experiments/l3_bottleneck/phase2/t_scout/t_lattice4_minibatch/seed54.csv	reports/experiments/l3_bottleneck/phase2/t_scout/t_lattice4_minibatch/seed54_provenance.json
g2_sampled	t_series	t_lattice4_minibatch	lattice4	4	0.000000	minibatch			0.080000	random_init	55	2	0.519717	0.000769	-0.000002	0.000055	998	-0.000015	0.511134	0.008583	no	0.382012	0.000000	8.762542	-0.012312	-0.004155	1.572131	0.781900	0.666643	0.087658	0.248254	0.707807	reports/experiments/l3_bottleneck/phase2/t_scout/t_lattice4_minibatch/seed55.csv	reports/experiments/l3_bottleneck/phase2/t_scout/t_lattice4_minibatch/seed55_provenance.json
g2_sampled	t_series	t_lattice4_minibatch	lattice4	4	0.000000	minibatch			0.080000	random_init	56	2	0.534149	0.000725	-0.000006	0.000351	984	-0.000025	0.524641	0.009508	no	0.380942	0.000000	8.762542	-0.009968	0.008283	1.548316	0.788817	0.665660	0.107391	0.273138	0.710437	reports/experiments/l3_bottleneck/phase2/t_scout/t_lattice4_minibatch/seed56.csv	reports/experiments/l3_bottleneck/phase2/t_scout/t_lattice4_minibatch/seed56_provenance.json
